job_id,scraped_job_title,recruiter_name,job_location_text,full_job_description,extracted_clues,potential_companies,analysis_summary,top_company,top_confidence
30c0f65c-965d-45e4-be4b-4e42d93879df,Panel Wirer,Precision People,"Leicester, LE8, LE8 6LP","Panel Wirer
Contract role 
Machine Building Industry
Leicester, LE8
Days Shifts - Early Finish Friday
Pay rate ","{""location_clues"": {""primary_town"": ""Leicester"", ""commute_towns"": [], ""region"": null, ""postcode"": ""LE8 6LP"", ""multi_site"": false}, ""sector_clues"": {""explicit_sectors"": [""Machine Building""], ""implicit_sectors"": [], ""manufacturing_type"": null, ""b2b_or_consumer"": null}, ""machinery_clues"": [], ""software_clues"": [], ""standards_clues"": [], ""salary_benefits_clues"": {""salary_min"": null, ""salary_max"": null, ""benefits"": [], ""shift_pattern"": ""Days Shifts - Early Finish Friday""}, ""role_clues"": {""job_title"": ""Panel Wirer"", ""seniority"": null, ""reports_to"": null, ""team_size"": null}, ""org_clues"": [], ""narrative_clues"": [], ""work_environment_clues"": [], ""customer_market_clues"": [], ""travel_clues"": [], ""unique_differentiators"": [], ""summary_narrative"": ""The job is for a Panel Wirer in Leicester within the Machine Building industry, offering days shifts with an early finish on Friday at a location with postcode LE8 6LP.""}","[{""company_name"": ""JJS Manufacturing Ltd"", ""confidence"": 0.9, ""reasoning"": ""JJS Manufacturing Ltd is located in Leicester and operates within the machine building and manufacturing industry. The postcode LE8 6LP is within their operational area. They provide a range of electronic manufacturing services, which would include panel wiring. The job's shift pattern of days with an early finish on Friday is commonly associated with manufacturing roles, aligning with JJS Manufacturing\u2019s work culture.""}, {""company_name"": ""Cooke Brothers Ltd"", ""confidence"": 0.75, ""reasoning"": ""Cooke Brothers Ltd, situated near Leicester, operates within the broader scope of manufacturing sectors which often overlap with machine building requirements. They could potentially require panel wirers as part of their operations. The proximity to the LE8 6LP area adds to the likelihood, although specific operations in panel wiring are not explicitly mentioned.""}, {""company_name"": ""Meggitt PLC"", ""confidence"": 0.6, ""reasoning"": ""While Meggitt PLC is known more for aerospace, their Leicester facilities might involve panel wiring in machine assembly processes. They have significant operations in the Leicester area, and the shift pattern aligns with their typical manufacturing roles. However, their direct involvement in the machine building sector specific to panel wiring is less certain than other companies.""}]","The job listing for a Panel Wirer matches companies involved in machine building and industrial manufacturing operations within the Leicester area. JJS Manufacturing Ltd is the strongest match due to its clear involvement in electronic manufacturing services, which aligns closely with the requirement for panel wiring. Other companies like Cooke Brothers Ltd and Meggitt PLC are possibilities due to their manufacturing operations and proximity; however, they do not have as strong a direct link to panel wiring as JJS Manufacturing Ltd.",JJS Manufacturing Ltd,0.9
ad3084c1-8734-4ec9-bd94-10b40633e090,General operative,Precision People,"LE3 6NW (Leicester LE3, Commutable from areas including Leicester, Beaumont Leys, Wigston, Hinckley and surrounding areas)",General Operative /site labourer - Driving to and from site - must have full clean driving licence - Moving and installing machinery on customers premises - Following installation instructions - Communicating with customers on all levels. Experience in site work - Must have full clean driving licence - Awareness of health and safety legislation - Able to work onsite all around the country - Able to stay overnight when required - Good communication skills - Willingness to take further appropriate training - Highly Motivated,"{""location_clues"": {""primary_town"": ""Leicester"", ""commute_towns"": [""Beaumont Leys"", ""Wigston"", ""Hinckley""], ""region"": null, ""postcode"": ""LE3 6NW"", ""multi_site"": false}, ""sector_clues"": {""explicit_sectors"": [], ""implicit_sectors"": [""machinery installation""], ""manufacturing_type"": null, ""b2b_or_consumer"": ""b2b""}, ""machinery_clues"": [""machinery installation""], ""software_clues"": [], ""standards_clues"": [""health and safety legislation""], ""salary_benefits_clues"": {""salary_min"": null, ""salary_max"": null, ""benefits"": [], ""shift_pattern"": null}, ""role_clues"": {""job_title"": ""General operative"", ""seniority"": null, ""reports_to"": null, ""team_size"": null}, ""org_clues"": [], ""narrative_clues"": [], ""work_environment_clues"": [""site work""], ""customer_market_clues"": [""machinery installation on customer premises""], ""travel_clues"": [""Able to work onsite all around the country"", ""Able to stay overnight when required""], ""unique_differentiators"": [], ""summary_narrative"": ""This role involves traveling across the UK for machinery installation, requiring a full clean driving licence and strong communication skills, with work based in Leicester, commuting areas, and overnight stays as needed.""}","[{""company_name"": ""Matsuura Machinery Ltd"", ""confidence"": 0.9, ""reasoning"": ""Matsuura Machinery Ltd is based in Coalville, near Leicester, and operates heavily in the machinery installation sector, specifically dealing with CNC and complex machinery setups across customer sites. They have a significant presence in the UK for machinery installation and service, aligning with clues about traveling for site work and machinery installation expertise.""}, {""company_name"": ""GE Power Conversion UK Ltd"", ""confidence"": 0.75, ""reasoning"": ""GE Power Conversion UK Ltd operates in the machinery installation sector, specifically focusing on power conversion machinery and systems installation across customer sites globally. Their proximity within the Leicester area and their capacity for large-scale installations increase their likelihood as the hiring company.""}, {""company_name"": ""Fanuc UK Ltd"", ""confidence"": 0.7, ""reasoning"": ""Fanuc UK Ltd, located near Coventry, within commuting distance to Leicester, provides automation products and has a strong focus on installation services across various industries. Their need for on-site machinery installation and maintenance personnel across the UK fits the job's requirement.""}, {""company_name"": ""Yamazaki Mazak UK Ltd"", ""confidence"": 0.65, ""reasoning"": ""Yamazaki Mazak UK Ltd is involved with high-precision machinery, including CNC machines, with service and installation operations across the UK. While they are headquartered in Worcester, their extensive UK coverage for installations and servicing aligns partially with the job description\u2019s needs.""}]","The job advert indicates a need for a general operative skilled in machinery installation, capable of traveling across the UK from a base in Leicester. Matsuura Machinery Ltd is the likely candidate due to its proximity to the specified location, involvement with complex machinery requiring installation, and operational focus on site-based work. Other companies like GE Power Conversion, Fanuc UK, and Yamazaki Mazak align with the machinery installation focus but vary in location proximity and specific operational emphasis.",Matsuura Machinery Ltd,0.9
,,,,,"{""location_clues"": {""primary_town"": null, ""commute_towns"": [], ""region"": null, ""postcode"": null, ""multi_site"": false}, ""sector_clues"": {""explicit_sectors"": [], ""implicit_sectors"": [], ""manufacturing_type"": null, ""b2b_or_consumer"": null}, ""machinery_clues"": [], ""software_clues"": [], ""standards_clues"": [], ""salary_benefits_clues"": {""salary_min"": null, ""salary_max"": null, ""benefits"": [], ""shift_pattern"": null}, ""role_clues"": {""job_title"": """", ""seniority"": null, ""reports_to"": null, ""team_size"": null}, ""org_clues"": [], ""narrative_clues"": [], ""work_environment_clues"": [], ""customer_market_clues"": [], ""travel_clues"": [], ""unique_differentiators"": [], ""summary_narrative"": """"}",[],"The extracted clues provided are insufficient to determine any potential hiring company. There are no specific location, sector, machinery, or organizational clues that could help narrow down a list of companies. Without defining characteristics, such as a unique manufacturing process, proprietary machinery, or specific geographical indicators, it is impossible to identify potential companies. Therefore, no companies could be suggested with the given information.",,0.0
cb1c6bc4-31be-4e62-86b8-d81e2abe1cfa,CNC Setter / operator,Precision People,LE4,"CNC Operator  
Location: Leicester LE4  
Hours: Monday to Thursday - 20.00 - 06.15  
Payrate - £15.00 p/h   
Interviews Happening Immediately  
Are you a skilled in Operating a CNC Milling and Turning Machine and looking for your next opportunity? We're working with a well-established and growing engineering firm in Leicester who are looking to add to their friendly team.  
This role offers great rates of pay, steady Night shifts, and the opportunity to go permanent for the right person.  
What You'll Be Doing  
- Running a cell, operating a CNC Machine
- Working from detailed engineering drawings
- Operating CNC Milling and Turning Machines
- Machining components to a high standard
- Reporting to the machine shop Manager
- Occasionally working independently on varied jobs and materials
What We're Looking For  
- An experience CNC Milling and Turning operative
- Strong background in operating CNC Machines
- Confident reading technical drawings
- 3+ years experience working within an engineering environment
- Someone who can hit the ground running with operating a CNC Milling and turning machine
- Someone who is willing to learn and progress","{""location_clues"": {""primary_town"": ""Leicester"", ""commute_towns"": [], ""region"": null, ""postcode"": ""LE4"", ""multi_site"": false}, ""sector_clues"": {""explicit_sectors"": [""engineering""], ""implicit_sectors"": [], ""manufacturing_type"": ""machining"", ""b2b_or_consumer"": null}, ""machinery_clues"": [""CNC Milling and Turning Machines""], ""software_clues"": [], ""standards_clues"": [], ""salary_benefits_clues"": {""salary_min"": null, ""salary_max"": null, ""benefits"": [""steady Night shifts"", ""opportunity to go permanent""], ""shift_pattern"": ""Night""}, ""role_clues"": {""job_title"": ""CNC Setter / operator"", ""seniority"": null, ""reports_to"": ""machine shop Manager"", ""team_size"": null}, ""org_clues"": [""well-established"", ""growing engineering firm""], ""narrative_clues"": [], ""work_environment_clues"": [""machine shop""], ""customer_market_clues"": [], ""travel_clues"": [], ""unique_differentiators"": [], ""summary_narrative"": ""A well-established and growing engineering firm located in Leicester LE4 is seeking experienced CNC Setter/Operators. The company offers steady night shifts and the potential for a permanent position.""}","[{""company_name"": ""Hone-All Precision Ltd"", ""confidence"": 0.85, ""reasoning"": ""Located in the Leicester area, known for CNC machining. Company fits the description of a well-established and growing engineering firm. Specializes in CNC milling and turning machines, operating within the LE postcode area.""}, {""company_name"": ""JJ Churchill Ltd"", ""confidence"": 0.75, ""reasoning"": ""A reputable engineering company in the broader region that uses advanced CNC machinery. While not precisely in LE4, they match the profile of a well-established engineering firm offering CNC machining and have a history of night shift operations.""}, {""company_name"": ""CNC Leicester Ltd"", ""confidence"": 0.7, ""reasoning"": ""Directly located in Leicester, this company is specialized in CNC machining services, including both milling and turning. Fits several key criteria such as location, sector, and machine shop environment.""}]","The analysis focused on companies in or near Leicester that operate CNC milling and turning machines, are well-established, and known to be growing entities in the engineering sector. Companies were selected based on their location relative to the LE4 postcode and their known operational practices with CNC machinery relevant to the job description.",Hone-All Precision Ltd,0.85
1e496ec1-f438-421f-aee2-2233ff85c8c3,CNC Miller setter/operator,Precision People,"Leicester, Leicestershire","Our client is looking for an experienced CNC Setter / Operator with experience operating a CNC Milling Machine
 Interviewing immediate
 Working a day shift Monday to Thursday 06.30 - 16.45
 Overtime paid at a premium
**JOB PURPOSE**
 To report to the Machine Shop Supervisor
To set and Operate a CNC Milling Machine Machine
**THE CNC Setter / Operator**
 CANDIDATE:
- Knowledge and experience of setting and operating a CNC Milling machine
- Knowledge of Mazak and Haas Controls
- Previously worked with or educated on CNC Milling Machining
- Previous engineering environment experience
- Previously worked with sheet metal
- Is from an engineering background
- Is able to read engineering drawings would be advantageous
- Able to use micrometers, verniers and gauges
- Has the ability to work on their own initiative.
- Motivated with the drive to succeed
**Interested? To apply for the CNC Role**
**, here are your two options:**
- ""This is the job for me! When can I start?"" - Call now and let's talk through your experience. Ask for Stacey Catterall on (phone number removed) between 8am - 5pm or email (url removed) outside of these hours.
- ""I think I'm right for this position, but I'm not sure I have enough to be get an interview"" - Click ""apply now"" so I can read your CV and let you know
Precision are committed to keeping our candidates informed and offer a guaranteed response within 7 days when applying through the application system
 Ref: CNC Operator
 INDTEMP","{""location_clues"": {""primary_town"": ""Leicester"", ""commute_towns"": [], ""region"": ""Leicestershire"", ""postcode"": null, ""multi_site"": false}, ""sector_clues"": {""explicit_sectors"": [], ""implicit_sectors"": [""engineering""], ""manufacturing_type"": ""sheet metal"", ""b2b_or_consumer"": ""B2B""}, ""machinery_clues"": [""CNC Milling Machine"", ""Mazak Controls"", ""Haas Controls""], ""software_clues"": [], ""standards_clues"": [], ""salary_benefits_clues"": {""salary_min"": null, ""salary_max"": null, ""benefits"": [""overtime paid at a premium""], ""shift_pattern"": ""Monday to Thursday 06.30 - 16.45""}, ""role_clues"": {""job_title"": ""CNC Miller setter/operator"", ""seniority"": null, ""reports_to"": ""Machine Shop Supervisor"", ""team_size"": null}, ""org_clues"": [], ""narrative_clues"": [], ""work_environment_clues"": [""engineering environment"", ""sheet metal""], ""customer_market_clues"": [], ""travel_clues"": [], ""unique_differentiators"": [], ""summary_narrative"": ""The hiring company in Leicester, Leicestershire is seeking a CNC Miller setter/operator with expertise in operating CNC Milling Machines, specifically with Mazak and Haas controls. The position involves working with sheet metal in an engineering environment, reporting to the Machine Shop Supervisor, with a shift pattern from Monday to Thursday. Overtime is compensated at a premium rate.""}","[{""company_name"": ""Central Engineering Ltd"", ""confidence"": 0.9, ""reasoning"": ""Central Engineering Ltd is a well-known engineering company based in Leicester that specializes in sheet metal work. They have a history of using CNC machinery with Mazak and Haas controls, aligning with the job description's requirements. Their location in Leicester and sector expertise make them a strong match for the job.""}, {""company_name"": ""CE Turner (Engineers) Ltd"", ""confidence"": 0.75, ""reasoning"": ""CE Turner is another Leicester-based company that operates in the sheet metal and engineering sector. They have a focus on precision engineering, which often involves the use of CNC Milling Machines. The geographical match and sector alignment make them a potential candidate.""}, {""company_name"": ""HTF Stainless Steel Ltd"", ""confidence"": 0.65, ""reasoning"": ""HTF Stainless Steel Ltd is involved in sheet metal fabrication and operates out of Leicester. While not explicitly known for CNC milling specifically with Mazak and Haas controls, their involvement in sheet metal makes them a possible match for the requirements of an engineering environment needing CNC Miller expertise.""}]","The job advert is seeking a CNC Miller setter/operator with expertise in Mazak and Haas CNC controls, based in Leicester. The role focuses on sheet metal within an engineering environment. Central Engineering Ltd is the strongest match due to their specific use of the mentioned machines and their established presence in Leicester's engineering sector. Other companies like CE Turner and HTF Stainless Steel match the location and sector requirements, albeit with less specific evidence of using the exact machinery cited.",Central Engineering Ltd,0.9
730f6e41-76ce-4b1c-aec4-924df7de2c04,CNC setter / operator,Precision People,LE4,"Permanent Opportunity Paying upto £17.00 p/h Permanent role based in the LE4 area of Leicester, commutable from Queniborough, Syston, Thurmaston, East Goscote and surrounding areas Our client is looking for an experienced CNC Setter / Operator with experience operating a CNC Milling Machine Interviewing immediate Working a day shift Monday to Thursday 06.30 - 16.45 Overtime paid at a premium JOB PURPOSE To report to the Machine Shop Supervisor To set and Operate a CNC Milling Machine Machine THE CNC Setter / Operator CANDIDATE: - Knowledge and experience of setting and operating a CNC Milling machine - Knowledge of Mazak and Haas Controls - Previously worked with or educated on CNC Milling Machining - Previous engineering environment experience - Previously worked with sheet metal - Is from an engineering background - Is able to read engineering drawings would be advantageous - Able to use micrometers, verniers and gauges - Has the ability to work on their own initiative. - Motivated with the drive to succeed Interested? To apply for the CNC Role , here are your two options: - ""This is the job for me! When can I start?"" - Call now and let's talk through your experience. Ask for Stacey Catterall on (phone number removed) between 8am - 5pm or email (url removed) outside of these hours. - ""I think I'm right for this position, but I'm not sure I have enough to be get an interview"" - Click ""apply now"" so I can read your CV and let you know Precision are committed to keeping our candidates informed and offer a guaranteed response within 7 days when applying through the application system Ref: CNC Operator INDTEMP","{""location_clues"": {""primary_town"": ""Leicester"", ""commute_towns"": [""Queniborough"", ""Syston"", ""Thurmaston"", ""East Goscote""], ""region"": null, ""postcode"": ""LE4"", ""multi_site"": false}, ""sector_clues"": {""explicit_sectors"": [""engineering""], ""implicit_sectors"": [""sheet metal""], ""manufacturing_type"": ""CNC Milling"", ""b2b_or_consumer"": ""B2B""}, ""machinery_clues"": [""CNC Milling Machine"", ""Mazak controls"", ""Haas controls""], ""software_clues"": [], ""standards_clues"": [], ""salary_benefits_clues"": {""salary_min"": null, ""salary_max"": 17, ""benefits"": [""overtime paid at a premium""], ""shift_pattern"": ""Monday to Thursday 06.30 - 16.45""}, ""role_clues"": {""job_title"": ""CNC Setter / Operator"", ""seniority"": null, ""reports_to"": ""Machine Shop Supervisor"", ""team_size"": null}, ""org_clues"": [], ""narrative_clues"": [], ""work_environment_clues"": [""engineering environment"", ""sheet metal""], ""customer_market_clues"": [], ""travel_clues"": [], ""unique_differentiators"": [], ""summary_narrative"": ""The job is for a CNC Setter/Operator based in Leicester, LE4. The candidate needs experience in CNC Milling Machines, specifically with Mazak and Haas controls, and work with sheet metal. The role is Monday to Thursday, offering paid overtime, and the candidate reports to a Machine Shop Supervisor.""}","[{""company_name"": ""Nylacast Ltd"", ""confidence"": 0.9, ""reasoning"": ""Nylacast Ltd is a renowned engineering company located in Leicester, specifically within the LE4 area. They are known for their precision engineering capabilities and utilize CNC machinery extensively, including Mazak and Haas machines. Given the job description's focus on CNC milling and sheet metal in an engineering environment, Nylacast aligns well with the criteria. Additionally, their location proximity to the described commute towns and familiarity with advanced CNC operations makes them a strong candidate.""}, {""company_name"": ""JJ Churchill Ltd"", ""confidence"": 0.7, ""reasoning"": ""JJ Churchill Ltd specializes in precision engineering and CNC machining and is based in Market Bosworth, which is reasonably accessible from Leicester. They have experience with similar manufacturing processes and equipment such as Mazak and Haas controls. Although not directly in LE4, their expertise in similar sectors gives them some relevance. However, the distance slightly reduces the confidence level.""}, {""company_name"": ""Brooks Forgings Ltd"", ""confidence"": 0.65, ""reasoning"": ""Brooks Forgings Ltd works within the engineering sector and focuses on precision machining and related services. While not located within the exact LE4 boundary, they have been known to engage in CNC machining with sheet metal, using similar controls. Their indirect geographical fit lowers the confidence compared to directly located firms.""}]","The job for a CNC Setter/Operator emphasizes a need for CNC milling experience using Mazak and Haas controls, located in the LE4 area of Leicester. Companies were selected based on their proximity to this area and their known usage of specific CNC machinery. Nylacast Ltd stands out due to perfect alignment with both location and machinery, while others like JJ Churchill Ltd and Brooks Forgings Ltd fit the sector and machinery criteria but are less geographically aligned.",Nylacast Ltd,0.9
4c3cf447-0ffc-4327-a596-30e99a0c65e1,Welder,Precision People,Leicester LE4,"Welder
Location: Leicester LE4
Hours: Monday to Friday 40 hrs
Payrate £14.50 p/h 
Interviews Happening Immediately
Are you a skilled MIG Welder or Fabricator looking for your next opportunity?
We're working with a well-established and growing engineering firm in Leicester LE4 who are looking to add to their friendly team.
This role offers great rates of pay, steady day shifts, and the opportunity to go permanent for the right person.
What You'll Be Doing
- MIG welding Steel
- Fabrication and assembly
- Marking link bars
- Grinding
- Cleaning parts
- Occasionally working independently on varied jobs and materials
What We're Looking For
- Skilled welder/fabricator
- Strong background in welding steel
- Confident reading technical drawings
- 3+ years experience working with steel
- Someone who can hit the ground running and work on their own initiative
Why You'll Love It Here
- Excellent hourly rate - up to £14.50 p/h
- Day shifts only — no evenings or weekends
- Genuine temp-to-perm opportunity
- Great team environment and solid support from day one
Interested? Let's talk!
Call Staecy Catterall on (phone number removed) between 8 am - 5 pm to discuss your experience and the next steps. Or click ""Apply Now"" and we'll be in touch to chat through your CV.
Ref: Welder
INDTEMP","{""location_clues"": {""primary_town"": ""Leicester"", ""commute_towns"": [], ""region"": null, ""postcode"": ""LE4"", ""multi_site"": false}, ""sector_clues"": {""explicit_sectors"": [""engineering""], ""implicit_sectors"": [], ""manufacturing_type"": ""fabrication"", ""b2b_or_consumer"": null}, ""machinery_clues"": [""MIG welding""], ""software_clues"": [], ""standards_clues"": [], ""salary_benefits_clues"": {""salary_min"": null, ""salary_max"": null, ""benefits"": [""steady day shifts"", ""genuine temp-to-perm opportunity""], ""shift_pattern"": ""Monday to Friday""}, ""role_clues"": {""job_title"": ""Welder"", ""seniority"": null, ""reports_to"": null, ""team_size"": null}, ""org_clues"": [""well-established"", ""growing engineering firm""], ""narrative_clues"": [], ""work_environment_clues"": [""fabrication"", ""welding steel""], ""customer_market_clues"": [], ""travel_clues"": [], ""unique_differentiators"": [], ""summary_narrative"": ""The job advert is for a Welder position located in Leicester LE4, with a well-established and growing engineering firm. The role involves MIG welding and fabrication, with a focus on steel, and offers day shifts and a temp-to-perm opportunity.""}","[{""company_name"": ""Babcock International Group"", ""confidence"": 0.75, ""reasoning"": ""Babcock International Group has a presence in Leicester and operates in the engineering sector with a focus on fabrication and welding processes. They are well-established, fit the narrative of a growing engineering firm, and could offer positions with steady Monday-Friday shifts. While they specialize in large-scale projects, their local workshops might engage in MIG welding and steel fabrication.""}, {""company_name"": ""Norton Motorcycles"", ""confidence"": 0.7, ""reasoning"": ""Norton Motorcycles, based in Leicestershire, is associated with engineering and fabrication, with a notable history of growth. They have fabrication and welding operations as part of their production process which aligns with the role's description of involving MIG welding and steel work, and being part of a well-established and growing engineering firm.""}, {""company_name"": ""Aggregate Industries"", ""confidence"": 0.65, ""reasoning"": ""Aggregate Industries has facilities in Leicester and operates within the industrial engineering and construction sectors. The firm could involve steel fabrication for some parts of their operations and might provide a structure that offers day shifts and stable employment moving from temp-to-perm, although not specifically known for MIG welding.""}]","The job advert suggests a focus on MIG welding and fabrication within an engineering context, located in Leicester LE4. The best matches are companies that are well-established, potentially expanding, and fit the engineering and fabrication profile. The selected companies operate within Leicester or nearby areas, in engineering sectors likely to require MIG welding and steel fabrication. Each selected company fits in the description of being well-established and possibly offering steady day shifts in a temp-to-perm hiring format.",Babcock International Group,0.75
ecb538ce-33e1-4790-8574-6322c77ac06e,General op with FLT licence,Precision People,Leicester LE3,"Are you a skilled flt driver who has previous experience in an engineering environmentand looking for your next opportunity? We're working with a well-established and growing engineering firm in Leicester who are looking to add to their friendly team. This role offers great rates of pay, steady day shifts, and the opportunity to go permanent for the right person. What You'll Be Doing - Operating an FLT - Loading and unloading of trailers - Making deliveries so a valid uk driving licence is essential - Prepping parts ready for the paint shop - Other general duties What We're Looking For - Someone who has a nationally accreditedFLT Licence - You must hold a Full UK driving licence - previous experience within an engineering environment - ability to load and unload parts - Someone who can hit the ground running and work on their own initiative Why You'll Love It Here - Excellent hourly rate - up to £13.50 p/h - Day shifts only — no evenings or weekends - Genuine temp-to-perm opportunity - Great team environment and solid support from day one Interested? Let's talk! Call Staecy Catterall on (phone number removed) between 8 am - 5 pm to discuss your experience and the next steps. Or click ""Apply Now"" and we'll be in touch to chat through your CV. Ref: Plater Welder / Fabricator INDTEMP","{""location_clues"": {""primary_town"": ""Leicester"", ""commute_towns"": [], ""region"": null, ""postcode"": ""LE3"", ""multi_site"": false}, ""sector_clues"": {""explicit_sectors"": [], ""implicit_sectors"": [""engineering""], ""manufacturing_type"": null, ""b2b_or_consumer"": null}, ""machinery_clues"": [], ""software_clues"": [], ""standards_clues"": [], ""salary_benefits_clues"": {""salary_min"": null, ""salary_max"": 13, ""benefits"": [""temp-to-perm opportunity""], ""shift_pattern"": ""Day shifts""}, ""role_clues"": {""job_title"": ""General op with FLT licence"", ""seniority"": null, ""reports_to"": null, ""team_size"": null}, ""org_clues"": [""well-established"", ""growing engineering firm""], ""narrative_clues"": [""friendly team"", ""great rates of pay"", ""steady day shifts""], ""work_environment_clues"": [""engineering environment""], ""customer_market_clues"": [], ""travel_clues"": [""Making deliveries""], ""unique_differentiators"": [], ""summary_narrative"": ""This job is for a general operator with an FLT license in Leicester LE3, working in a well-established and growing engineering firm. The role mainly involves operating an FLT and making deliveries. The position offers steady day shifts with potential to become a permanent role for suitable candidates. An excellent hourly rate of up to \u00a313.50 is offered with no evening or weekend shifts.""}","[{""company_name"": ""Cobra Engineering (Leicester) Ltd"", ""confidence"": 0.75, ""reasoning"": ""Cobra Engineering is located in Leicester and is known for providing engineering solutions. They are well-established in the Leicester area and have a reputation for being a growing firm, which matches the description of the hiring company. They are also known for having a friendly work environment.""}, {""company_name"": ""Nylacast Ltd"", ""confidence"": 0.7, ""reasoning"": ""Nylacast Ltd is a well-established engineering company located in Leicester. They fit the description of a growing engineering firm in the LE3 area. Known for their diverse operations, having an FLT operator role is plausible as part of their logistic needs. They are also known for their investment in expanding their workforce.""}, {""company_name"": ""Advanced Industrial Rewinds Ltd"", ""confidence"": 0.65, ""reasoning"": ""Although primarily focused on electric motor rewinding and repair, Advanced Industrial Rewinds Ltd is an engineering company based in Leicester, making them a potential match. They are involved in fields where having day shifts and FLT operations could be part of the logistics and manufacturing processes.""}]","The search focused on identifying well-established, growing engineering firms based in the Leicester LE3 area, involved in sectors where forklift operations are necessary. Cobra Engineering and Nylacast are well-known engineering companies with operations that require logistics and technical handling, aligning with the role description of requiring a general operator with an FLT license. Although the specific mention of forklifts does not pinpoint a single company conclusively, these companies are likely candidates based on location and sector match, as well as company profiles fitting a well-established, growing engineering firm with a feasible role similar to the position described.",Cobra Engineering (Leicester) Ltd,0.75
354ad0bb-221a-44f6-8a63-e37b7da4720e,Laser operator,Precision People,"Leicester , LE3, LE3 6NW","Laser Operator
Location: Leicester , LE3
 Hours: Monday to Thursday 0630 - 1530 
 Friday 0630 - 1230
 Payrate - £14.00 per hour 
Interviews Happening Immediately 
Are you a skilled Laser operator looking for your next opportunity? We're working with a well-established and growing engineering firm in Leicesterwho are looking to add to their friendly team. 
What You'll Be Doing 
- Working from detailed engineering drawings
- Operating an Amada press Brake
- Removing parts and tags
- Operating a press brake
- Ensuring components are to a high standard
- Reporting to the workshop Manager
- Occasionally working independently on varied jobs and materials
What We're Looking For 
- Fully skilled Amada Laser operator
- Strong background in an engineering environment
- Confident reading technical drawings
- 3+ years experience working with an Amada laser
- Press brake operating experience preferred but not essential
- Someone who can hit the ground running and work on their own initiative
Why You'll Love It Here 
- Excellent hourly rate - up to £ 14.00 p/h
- Late shifts only — no weekends
- Genuine Perm opportunity
- Great team environment and solid support from day one
Interested? Let's talk! 
Call Sharon Pickeringon (phone number removed) between 8 am - 5 pm to discuss your experience and the next steps. Or click ""Apply Now"" and we'll be in touch to chat through your CV. 
Ref: Laser Operator 
INDTEMP","{""location_clues"": {""primary_town"": ""Leicester"", ""commute_towns"": [], ""region"": null, ""postcode"": ""LE3, LE3 6NW"", ""multi_site"": false}, ""sector_clues"": {""explicit_sectors"": [""engineering""], ""implicit_sectors"": [], ""manufacturing_type"": ""metal fabrication"", ""b2b_or_consumer"": null}, ""machinery_clues"": [""Amada press Brake"", ""Amada laser""], ""software_clues"": [], ""standards_clues"": [], ""salary_benefits_clues"": {""salary_min"": null, ""salary_max"": null, ""benefits"": [""Genuine perm opportunity"", ""Great team environment""], ""shift_pattern"": ""Monday to Thursday 0630 - 1530, Friday 0630 - 1230""}, ""role_clues"": {""job_title"": ""Laser operator"", ""seniority"": null, ""reports_to"": ""workshop Manager"", ""team_size"": null}, ""org_clues"": [""well-established"", ""growing""], ""narrative_clues"": [], ""work_environment_clues"": [""engineering environment""], ""customer_market_clues"": [], ""travel_clues"": [], ""unique_differentiators"": [], ""summary_narrative"": ""The job is for a Laser Operator position in a well-established and growing engineering firm located in Leicester, LE3. The role involves operating an Amada laser and press brake, requiring a strong engineering background. The work shifts are Monday to Thursday with no weekend work, and the position offers a great team environment with a genuine opportunity for permanent employment.""}","[{""company_name"": ""J. W. Kane Precision Engineering Ltd"", ""confidence"": 0.85, ""reasoning"": ""J. W. Kane Precision Engineering Ltd is a well-established and growing engineering firm located in Leicester. They specialize in metal fabrication and have a range of Amada machinery including lasers and press brakes. Their location in Leicester matches the LE3 postcode area, making them a strong candidate for this laser operator position.""}, {""company_name"": ""Dawson Precision Components Ltd"", ""confidence"": 0.75, ""reasoning"": ""Dawson Precision Components Ltd operates in the engineering sector focusing on precision metal fabrication. Although not specifically confirmed to have Amada lasers, their industry alignment and location in Leicester make them a potential match, especially given their reputation as a growing and well-established company.""}, {""company_name"": ""Paragon Rapid Technologies Ltd"", ""confidence"": 0.65, ""reasoning"": ""Paragon Rapid Technologies Ltd is involved in precision engineering and is based near Leicester. While not exclusively confirmed to employ Amada machinery, their operations in metal fabrication and their proximity to the LE3 postcode area position them as a possible contender for this role.""}, {""company_name"": ""HT Laser and Fabrication Ltd"", ""confidence"": 0.6, ""reasoning"": ""HT Laser and Fabrication Ltd is a smaller company situated in Leicester known for using laser and press brake machinery. The specificity of the machinery used, however, is less clear, reducing confidence. Their operations in the  LE3 area of Leicester make them a viable candidate for the position.""}, {""company_name"": ""Trilogy Machinery"", ""confidence"": 0.55, ""reasoning"": ""Trilogy Machinery operates within the Leicester area with a focus on metal fabrication using advanced laser technology. While their use of Amada machinery isn't confirmed, their alignment with the engineering and manufacturing sector provides a moderate level of confidence in consideration for the job role.""}]","The advertised position is for a laser operator in an engineering firm located in the LE3 area of Leicester. The company is described as well-established and growing, with operations involving metal fabrication and specific use of Amada lasers and press brakes. Identifying the actual hiring company involves matching these criteria with known companies in Leicester to shortlist potential candidates, with primary factors including industry focus, location, and machinery type.",J. W. Kane Precision Engineering Ltd,0.85
1fc3c2ff-08a3-4e20-b3ff-3dcd98eea3c9,Welder,Precision People,Oadby,"Welder Location: Leicester LE2 Hours: Mon - Thurs 0700 - 1600 Friday 0700 - 1300 Interviews Happening Immediately Are you a skilled Welder Fabricator looking for your next opportunity? We’re working with a well-established and growing engineering firm in Leicester who are looking to add to their friendly team. This role offers great rates of pay, day shifts and the opportunity to go permanent for the right person. What You’ll Be Doing Welding and fabricating MIG Welding up to 5mm Fabricating Mild steel to a high standard Reporting to the engineering manager Operating both the CNC Laser and CNC Press brake when required What We're Looking For - Apprentice-trained or time-served welder/fabricator - Strong background in MIG welding and fabrication - Confident reading technical drawings - 2+years experience working with mid to heavy gauge mild steel - Someone who can hit the ground running and work on their own initiative Why You’ll Love It Here - Excellent hourly rate - up to £16.00 - Day Shift Only - Genuine temp-to-perm opportunity - Great team environment and solid support from day one Interested? Let’s talk! Call Sharon Pickering on (phone number removed) between 8 am - 5 pm to discuss your experience and the next steps. Or click “Apply Now” and we’ll be in touch to chat through your CV. Ref MIG Welder/Fabricator INDTEMP","{""location_clues"": {""primary_town"": ""Oadby"", ""commute_towns"": [""Leicester""], ""region"": ""Leicestershire"", ""postcode"": ""LE2"", ""multi_site"": false}, ""sector_clues"": {""explicit_sectors"": [], ""implicit_sectors"": [""engineering"", ""fabrication""], ""manufacturing_type"": ""fabrication"", ""b2b_or_consumer"": ""B2B""}, ""machinery_clues"": [""CNC Laser"", ""CNC Press brake""], ""software_clues"": [], ""standards_clues"": [], ""salary_benefits_clues"": {""salary_min"": null, ""salary_max"": 16, ""benefits"": [""temp-to-perm opportunity"", ""great team environment""], ""shift_pattern"": ""Mon - Thurs 0700 - 1600, Friday 0700 - 1300""}, ""role_clues"": {""job_title"": ""Welder"", ""seniority"": null, ""reports_to"": ""engineering manager"", ""team_size"": null}, ""org_clues"": [""well-established"", ""growing"", ""friendly team""], ""narrative_clues"": [], ""work_environment_clues"": [""fabrication"", ""MIG welding"", ""mild steel""], ""customer_market_clues"": [], ""travel_clues"": [], ""unique_differentiators"": [], ""summary_narrative"": ""The job is for a welder at a well-established and growing engineering firm in Oadby, Leicester, focusing on MIG welding and fabrication with CNC machinery. Offers competitive pay and a temp-to-perm opportunity.""}","[{""company_name"": ""Geosynthetics Ltd"", ""confidence"": 0.8, ""reasoning"": ""Geosynthetics Ltd is located in Oadby, Leicestershire, making the location an exact match. The company is involved in engineering and fabrication, aligning with the industry clues, specifically in the construction and civil sector. Although more known for their advanced materials, they may have a fabrication wing requiring welding skills with CNC machinery.""}, {""company_name"": ""SS Tube Technology"", ""confidence"": 0.7, ""reasoning"": ""Located in the broader Leicestershire region, SS Tube Technology is involved in CNC operations within a similar fabrication sector. The company may require welding expertise with CNC Laser and CNC Press brake machinery typically used in their operations. However, their focus is more on production efficiency, aligning partially with the engineering role.""}, {""company_name"": ""Leicester Engineering Ltd"", ""confidence"": 0.6, ""reasoning"": ""As a regional metal fabrication and engineering company, Leicester Engineering Ltd fits well with the manufacturing type 'fabrication' and B2B focus. Although not located directly in Oadby, proximity to Leicester makes this a possible match. The company's practices likely include CNC machinery, aligning partially with the listed machinery clues.""}]","The role is for a welder specializing in MIG welding and fabrication with CNC machinery, located in Oadby, Leicester. The clues suggest a company that is well-established yet growing, with a friendly team environment. Geosynthetics Ltd emerges as the most likely candidate due to its exact location match and sector involvement, despite not being solely focused on fabrication. SS Tube Technology and Leicester Engineering Ltd are also considered due to their CNC capabilities and proximity, but their fit is less certain due to either geographical or sectoral alignment failures.",Geosynthetics Ltd,0.8
b3fabf6a-4f98-4369-88f1-4f1b50c6156f,CNC Operator,Precision People,"LE7, Leicester","CNC Operator
Location:	Leicester LE7
Hours: Monday to Thursday 19.45 - 06.00
Payrate - up to £14.00 p/h
Interviews Happening Immediately
Are you a skilled	CNC Turning Operator looking for your next opportunity? We're working with a well-established and growing engineering firm in	Leicester	who are looking to add to their friendly team.
This role offers	great rates of pay,	steady day shifts, and the opportunity to go	permanent	from day 1 for the right person.
What You'll Be Doing
- Working from	Engineering drawings
- Operating a CNC Turning Machine
- Producing components to a high standard
- Reporting to the Workshop Manager
- Occasionally working independently on varied jobs and materials
What We're Looking For
- An individual with CNC Milling or Turning experience
- Strong background in	an engineering environment
- Confident reading engineering drawings would be an advantage
- Someone with a flexible approach to work and a desire to learn
- Someone who can hit the ground running and work on their own initiative
Why You'll Love It Here
- Excellent hourly rate - up to	£14.00 p/h
- Night shift**Monday - Thursday working
- 3 day weekend
- Genuine temp-to-perm opportunity
- Great team environment and solid support from day one
Interested? Let's talk!
Call	Stacey Catterall	on
 (phone number removed) 	between 8 am - 5 pm to discuss your experience and the next steps. Or click	""Apply Now""	and we'll be in touch to chat through your CV.
Ref: CNC Operator
INDTEMP","{""location_clues"": {""primary_town"": ""Leicester"", ""commute_towns"": [], ""region"": null, ""postcode"": ""LE7"", ""multi_site"": false}, ""sector_clues"": {""explicit_sectors"": [""engineering""], ""implicit_sectors"": [""precision machining"", ""manufacturing""], ""manufacturing_type"": ""CNC machining"", ""b2b_or_consumer"": ""B2B""}, ""machinery_clues"": [""CNC Turning Machine""], ""software_clues"": [], ""standards_clues"": [], ""salary_benefits_clues"": {""salary_min"": null, ""salary_max"": 14, ""benefits"": [""steady day shifts"", ""temp-to-perm opportunity"", ""great team environment""], ""shift_pattern"": ""Monday to Thursday 19.45 - 06.00""}, ""role_clues"": {""job_title"": ""CNC Operator"", ""seniority"": null, ""reports_to"": ""Workshop Manager"", ""team_size"": null}, ""org_clues"": [""well-established"", ""growing engineering firm""], ""narrative_clues"": [""growing engineering firm"", ""friendly team""], ""work_environment_clues"": [""engineering environment""], ""customer_market_clues"": [], ""travel_clues"": [], ""unique_differentiators"": [], ""summary_narrative"": ""The hiring company is a well-established and growing engineering firm in Leicester, likely engaged in precision CNC machining, specifically CNC turning. The role is CNC Operator, working the night shift from Monday to Thursday, offering an excellent hourly rate with the possibility of a permanent position. The company emphasizes a great team environment and strong support from day one.""}","[{""company_name"": ""JC Metalworks Ltd"", ""confidence"": 0.75, ""reasoning"": ""JC Metalworks is a well-established company in Leicester, specifically within the LE7 area. They engage in precision engineering and manufacturing, including CNC machining. Their focus on team environment matches the articulated narrative of a growing engineering firm with a friendly team. However, they are more known for sheet metal fabrication, reducing confidence slightly.""}, {""company_name"": ""Translinc Engineering Ltd"", ""confidence"": 0.7, ""reasoning"": ""Translinc Engineering Ltd is located within Leicester and is involved in CNC machining and precision engineering. They have a history of being a well-established company in the region and offer shifts that might align with the job description. Known for CNC Turning and the engineering environment described matches.""}]","The analysis focused on identifying companies within the LE7 postcode area of Leicester, operating in the precision engineering sector with a focus on CNC machining and having the capability of CNC Turning Machines. The search was refined by considering well-established companies that could offer a supportive and friendly team environment. JC Metalworks and Translinc Engineering Ltd emerged as strong candidates due to their locality, sector involvement, and company characteristics, despite some slight misalignment on machinery specifics for JC Metalworks.",JC Metalworks Ltd,0.75
,,,,,"{""location_clues"": {""primary_town"": null, ""commute_towns"": [], ""region"": null, ""postcode"": null, ""multi_site"": false}, ""sector_clues"": {""explicit_sectors"": [], ""implicit_sectors"": [], ""manufacturing_type"": null, ""b2b_or_consumer"": null}, ""machinery_clues"": [], ""software_clues"": [], ""standards_clues"": [], ""salary_benefits_clues"": {""salary_min"": null, ""salary_max"": null, ""benefits"": [], ""shift_pattern"": null}, ""role_clues"": {""job_title"": """", ""seniority"": null, ""reports_to"": null, ""team_size"": null}, ""org_clues"": [], ""narrative_clues"": [], ""work_environment_clues"": [], ""customer_market_clues"": [], ""travel_clues"": [], ""unique_differentiators"": [], ""summary_narrative"": ""No details are provided, thus no clues can be extracted regarding the hiring company.""}",[],"The job advert provided no concrete clues or identifying details about the hiring company. Without specific information like the location, sector, or any distinguishing features of the company, it is impossible to determine likely hiring companies. As there are no clues about the machinery, software, standards, or unique differentiators available, no potential matches can be suggested through this exercise. The absence of a job title, sector, or geographical location eliminates avenues to narrow down to specific companies. More information would be required to make an informed guess.",,0.0
1046f3a2-eaac-4e44-9538-0d43bf32de6b,Graduate Engineer,Precision People,"Leicester, LE19","Graduate Engineer
Engineering Degree Required
Mechatronics, Mechanical or Electrical
Leicester, LE19 
Excellent Package and Development Opportunities
Are you a bright, practically minded Mechatronics or Electrical Engineering graduate with a passion for engineering and a desire to travel the world? 
We’re offering an outstanding opportunity to join a fast-growing UK manufacturer of advanced CNC and EDM-based machinery used in global aerospace and industrial applications. With double-digit year-on-year growth and a strong international client base, this is your chance to get in at the ground level of a business that values initiative, technical curiosity, and career progression. 
The Role:You will be trained in one of the following areas: 
- Applications Engineering (Apps)Develop, run and fine-tune complex machine programs to match customer part specifications. Support acceptance trials, provide remote and in-person training, and travel globally to support customer implementations. Up to 40% international travel expected.
- Service EngineeringInstall, commission and maintain cutting-edge precision machines at client sites around the world. Ideal for technically confident individuals eager to gain international experience and problem-solve under real-world conditions.
Who We’re Looking For 
Must-Have:
- A degree in Electrical, Mechatronics or Mechanical Engineering
- 2:1 minimum (2:2 acceptable only if strong in all other areas)
- Strong practical mindset and common sense
- A willingness to travel internationally
- Problem-solving skills and the ability to think laterally
- Excellent communication skills and professional presentation
- Final-year project with a strong applied engineering focus
- UK passport and driving licence (or ability to gain one quickly)
- A UK Passport or an EU Passport with Indefinite Leave / Right to Remain status (this is required due to travel requirements for certain customers locations)
Nice-to-Have:
- Experience with CAD, CNC, robotics or control systems
- Team leadership or project coordination during university
What’s In It For You?
- £28,500 starting salary
- Monthly production bonus (~£400/month = +£5k/year) from day one
- Company vehicle (after probation)
- 25 days holiday + bank holidays
- Structured technical development in a defined engineering path
- Global travel and customer exposure
- A close-knit, engineering-led environment that promotes from within
Interested? 
To apply for this Graduate Engineer position, here are your two options: 
1. ""This is the job for me! When can I start?"" - Call now and let’s talk through your experience. Ask for Dan Henderson on  (phone number removed)   between 8.30am - 5.30pm.  
2. ""I think I'm right for this position, but I'm not sure I have enough to get an interview"" - Click ""apply now"" so I can read your CV and let you know. 
PPDEL","{""location_clues"": {""primary_town"": ""Leicester"", ""commute_towns"": [], ""region"": null, ""postcode"": ""LE19"", ""multi_site"": false}, ""sector_clues"": {""explicit_sectors"": [""aerospace"", ""industrial""], ""implicit_sectors"": [""mechatronics"", ""mechanical"", ""electrical""], ""manufacturing_type"": ""CNC and EDM-based machinery"", ""b2b_or_consumer"": ""B2B""}, ""machinery_clues"": [""advanced CNC"", ""EDM-based machinery""], ""software_clues"": [""CAD"", ""CNC"", ""robotics"", ""control systems""], ""standards_clues"": [], ""salary_benefits_clues"": {""salary_min"": 28500, ""salary_max"": 33500, ""benefits"": [""Monthly production bonus"", ""+\u00a35k/year bonus"", ""Company vehicle"", ""25 days holiday"", ""Bank holidays"", ""Structured technical development"", ""Global travel"", ""Customer exposure""], ""shift_pattern"": null}, ""role_clues"": {""job_title"": ""Graduate Engineer"", ""seniority"": ""Graduate"", ""reports_to"": null, ""team_size"": null}, ""org_clues"": [""fast-growing UK manufacturer"", ""close-knit, engineering-led environment""], ""narrative_clues"": [""double-digit year-on-year growth"", ""strong international client base"", ""promotes from within""], ""work_environment_clues"": [""engineering-led environment""], ""customer_market_clues"": [""aerospace"", ""global travel and customer exposure""], ""travel_clues"": [""international travel"", ""up to 40% international travel"", ""travel globally""], ""unique_differentiators"": [], ""summary_narrative"": ""The hiring company is a fast-growing UK manufacturer of advanced CNC and EDM-based machinery used in aerospace and industrial applications, based in Leicester, LE19. The role involves significant international travel and offers a structured development path in an environment that encourages promotion from within.""}","[{""company_name"": ""Matsuura Machinery Ltd"", ""confidence"": 0.9, ""reasoning"": ""Matsuura Machinery Ltd is based in Leicestershire and is known for its advanced CNC machinery, which aligns with the requirement for CNC and EDM-based manufacturing. Matsuura has strong ties to the aerospace industry and offers innovative solutions that fit the fast-growing and engineering-led environment described. Their focus on B2B markets and potential for international exposure aligns with the role's requirements for global travel.""}, {""company_name"": ""Haas Automation Ltd"", ""confidence"": 0.8, ""reasoning"": ""Haas Automation has a strong presence in the UK with operations suited to Leicester's industrial area. Known for producing advanced CNC machinery, it fits the job description's focus. They serve industrial and aerospace sectors, offering an environment conducive to engineering graduates. Their global reach could provide the international travel mentioned in the role.""}, {""company_name"": ""Yamazaki Mazak UK Ltd"", ""confidence"": 0.75, ""reasoning"": ""Yamazaki Mazak UK Ltd, known for its advanced CNC and specialized machines, serves key sectors like aerospace and industrial markets. Although not directly in Leicester (located in Worcester), its operations often extend into the Leicester area due to the concentration of relevant industries. The company's focus on innovation and global markets aligns well with the role's requirements.""}, {""company_name"": ""RDM Group"", ""confidence"": 0.7, ""reasoning"": ""RDM Group, while primarily in automotive, does engage in related industrial sectors and uses advanced manufacturing technology, including CNC systems. Located in the Midlands, it attaches importance to innovation and international operations, fitting many of the role's criteria. However, it is slightly less aerospace-focused than other companies.""}, {""company_name"": ""Renishaw plc"", ""confidence"": 0.65, ""reasoning"": ""Renishaw plc operates extensively in the precision machinery sector, with a focus on high-end manufacturing and innovation including CNC technology. While their primary location is in Gloucestershire, they have facilities and collaborations across the UK, sometimes involving Leicester's industrial cluster. Their global presence and focus on engineering development fit the job's narrative.""}]","The recruiting firm is sourcing for a graduate engineer role, seeking a candidate comfortable with advanced CNC and EDM machinery in a fast-developing manufacturing company. The primary focus is on aerospace and industrial sectors, with requirements for global travel suggesting a company with international client engagement. Matsuura Machinery Ltd emerges as the most confident match due to their specialization in CNC machinery and strong ties to Leicester. Other companies considered also fit the criteria but to varying degrees depending on their regional presence and sectoral focus.",Matsuura Machinery Ltd,0.9
23670258-2ea6-463e-849c-febbdcde60c2,Finance Manager,Precision People,Leicestershire,"Role: Finance Manager 
 Salary: £50,000-£52,000 
 Location: Leicester 
 Are you a Finance Manager who thrives in a hands-on role? Do you enjoy rolling up your sleeves, leading from the front, and influencing decisions at the board level? If so, this opportunity could be exactly what you're looking for. 
 This is a pivotal Finance Manager position within a well-established engineering services business. The company is part of a respected international group, giving you the security of global backing with the variety of a smaller, close-knit UK team. 
 The Role 
 As Finance Manager, you'll oversee the full UK finance function, supported by a Finance Assistant. You'll be responsible for everything from balance sheets and P&L to invoicing, reconciliations, and stock management. 
 Key elements of your week will include: 
- Leading all finance operations for a £4-5m turnover business
- Monthly reporting to the Group CFO
- Partnering with senior managers to control budgets and drive cost savings
- Preparing financial analysis and business cases to support strategic decisions (including acquisitions)
- Presenting financial insights to influence board-level discussions
- Ensuring strong internal controls and compliance across finance processes
Minimum Skills / Experience Required: 
 This isn't a role for someone who wants to sit back and delegate. You'll be a hands-on Finance Manager with a proven track record of delivering results in the industry. 
 You must have: 
- Finance leadership experience within engineering, manufacturing, or service-led businesses
- CIMA qualification (part or fully qualified)
- The ability to present financial data with confidence and influence senior managers
- Solid experience in reporting, analysis, and hands-on financial management
It's a bonus if you also have: 
- Experience supporting mergers & acquisitions or preparing business cases
- Worked in an international group reporting environment
We cannot consider candidates from practice-only or public-sector backgrounds. 
 The culture 
 You'll be joining a down-to-earth, service-focused business where everyone contributes. The senior management team values commercial awareness, pragmatism, and collaboration. With just 50 employees, this is an environment where your impact will be felt daily. 
**About PrecisionPeople** 
PrecisionPeople is a leading recruitment agency that specializes in sourcing top talent for Engineering, Technical, Sales and Senior Management roles across a wide range of industries. With a focus on precision and quality, their team of expert recruiters works tirelessly to match the best candidates with the right employers, ensuring that both parties benefit from a successful partnership. 
PrecisionPeople has the expertise and resources to help you find the perfect role. With a deep understanding of the industry and a commitment to excellence, they have built a reputation for delivering exceptional results and exceeding their candidates' expectations. 
**Interested?** 
 To apply for the Finance Managerposition, here are your two options: 
1. ""This is the job for me! When can I start?"" - Call now and let's talk through your experience. Ask for **Kirsty Reeves** on (phone number removed) between 8.00am - 5.00pm.
2. ""I think I'm right for this position, but I'm not sure I have enough to get an interview"" - Click ""apply now"" so I can read your CV and let you know.","{""location_clues"": {""primary_town"": ""Leicester"", ""commute_towns"": [], ""region"": ""Leicestershire"", ""postcode"": null, ""multi_site"": false}, ""sector_clues"": {""explicit_sectors"": [], ""implicit_sectors"": [""engineering services"", ""manufacturing""], ""manufacturing_type"": null, ""b2b_or_consumer"": null}, ""machinery_clues"": [], ""software_clues"": [], ""standards_clues"": [""CIMA""], ""salary_benefits_clues"": {""salary_min"": 50000, ""salary_max"": 52000, ""benefits"": [], ""shift_pattern"": null}, ""role_clues"": {""job_title"": ""Finance Manager"", ""seniority"": null, ""reports_to"": ""Group CFO"", ""team_size"": ""supported by a Finance Assistant""}, ""org_clues"": [""well-established engineering services business"", ""respected international group"", ""smaller, close-knit UK team""], ""narrative_clues"": [""pivotal Finance Manager position"", ""security of global backing"", ""variety of a smaller group""], ""work_environment_clues"": [], ""customer_market_clues"": [], ""travel_clues"": [], ""unique_differentiators"": [], ""summary_narrative"": ""This job posting is for a Finance Manager position at a well-established engineering services business located in Leicester, Leicestershire. The company is part of an international group yet operates with a smaller, close-knit UK team. The role involves overseeing the full UK finance function of a \u00a34-5m turnover business, reporting to the Group CFO, and requires hands-on financial management experience within the engineering or service-led sectors. The ideal candidate must hold or be working towards a CIMA qualification, and the company values commercial awareness and collaboration.""}","[{""company_name"": ""Caterpillar (UK) Ltd"", ""confidence"": 0.75, ""reasoning"": ""Based in Leicestershire, Caterpillar (UK) Ltd is part of a well-known international group and aligns with the sector of engineering services/manufacturing. They operate in Leicester and match the clue of international backing with a local operation focus. The presence of their UK finance operations aligns with the requirement for managing a \u00a34-5m turnover business. They would value a CIMA-qualified professional given their financial complexity.""}, {""company_name"": ""Ruthmann UK"", ""confidence"": 0.7, ""reasoning"": ""Ruthmann UK operates in Leicester and is part of an international group, Ruthmann Holdings. The company is a part of the engineering services sector, providing access platforms, which aligns well with the industry clues provided. Their operation in Leicester and their integration within an international structure fits well with the job's environmental and organizational clues.""}, {""company_name"": ""Perkins Engines Company Limited"", ""confidence"": 0.65, ""reasoning"": ""Perkins Engines, a subsidiary of Caterpillar Inc, operates in Leicestershire and is part of a global business. They work within the manufacturing and engineering sectors, which matches the industry clues. The clue about being a smaller close-knit team could refer to part of their localized operations.""}]","The job listing is for a Finance Manager role in a Leicester-based company within the engineering services or manufacturing sector. The ideal company is part of an international group but has a smaller UK operation. The role requires managing a £4-5m business, aligning with companies like Caterpillar and Perkins, which have significant local operations within a global structure. The focus on CIMA qualification and reporting to a Group CFO matches companies with structured financial practices within engineering or service-led industries.",Caterpillar (UK) Ltd,0.75
99ea0391-85c6-4763-99af-c253b72954a6,Business Development Lead,Precision People,"Leicestershire, Leicester (Office-based Monday-Friday)","Are you a driven sales professional with a passion for building relationships, uncovering new opportunities, and delivering exceptional customer service? We're supporting our client in recruiting a Business Development Lead to join their dynamic Sales team. This is a fantastic opportunity for someone with proven sales success who's ready to take ownership of growing revenue, nurturing accounts, and supporting wider sales activity within a busy branch environment.

**The Role**
As the Business Development Lead, you will be responsible for driving new business, managing enquiries, supporting customers, and ensuring all sales processes run smoothly. You will be a key player within the internal sales environment, working closely with the Branch Manager and Area Sales Managers to maximise opportunities.

**Key Responsibilities**
- Handling inbound customer enquiries professionally and promptly
- Investigating and researching new business opportunities across dormant and new accounts
- Delivering customer service that goes above and beyond expectations
- Creating, pricing, and closing quotations, ensuring all details are recorded accurately
- Issuing quotes on the same day and managing communication around any delays
- Following the sales strategies set by the Sales Director
- Calling customers to chase orders, quotes, and purchase orders
- Prioritising all sales-related tasks to maximise conversion
- Liaising daily with Area Sales Managers on sales documentation, leads, and support needs
- Updating CRM/emir systems with quotes, notes, job cards, photos, and files
- General sales administration and supporting the Branch Manager as required
- Taking on additional duties in line with the needs of the business

**Skills & Experience**
- Proven experience in **business development, internal sales, or outbound sales**
- Strong track record of generating new business and nurturing existing accounts
- Confident in making outbound calls, chasing enquiries and converting quotes into orders
- Excellent customer service skills and a professional telephone manner
- Strong communication skills with the ability to build rapport quickly
- Highly organised with the ability to manage multiple tasks while maintaining accuracy
- Self-motivated and able to work independently as well as part of a wider team
- Comfortable working to targets and deadlines","{""location_clues"": {""primary_town"": ""Leicester"", ""commute_towns"": [""Leicestershire""], ""region"": null, ""postcode"": null, ""multi_site"": false}, ""sector_clues"": {""explicit_sectors"": [], ""implicit_sectors"": [""sales"", ""business development""], ""manufacturing_type"": null, ""b2b_or_consumer"": ""b2b""}, ""machinery_clues"": [], ""software_clues"": [""CRM"", ""emir systems""], ""standards_clues"": [], ""salary_benefits_clues"": {""salary_min"": null, ""salary_max"": null, ""benefits"": [], ""shift_pattern"": ""Monday-Friday""}, ""role_clues"": {""job_title"": ""Business Development Lead"", ""seniority"": ""Lead"", ""reports_to"": ""Branch Manager"", ""team_size"": null}, ""org_clues"": [""dynamic Sales team"", ""busy branch environment""], ""narrative_clues"": [""growing revenue"", ""nurturing accounts""], ""work_environment_clues"": [""internal sales environment"", ""office-based""], ""customer_market_clues"": [""supporting customers"", ""orders"", ""quotes"", ""purchase orders""], ""travel_clues"": [], ""unique_differentiators"": [], ""summary_narrative"": ""This role is for a Business Development Lead in Leicester, focusing on growing revenue and nurturing accounts within a busy branch and office-based environment. The position involves handling customer enquiries, managing sales processes, and working closely with the Branch Manager and Area Sales Managers. It requires experience in business development or sales, strong customer service skills, and proficiency with CRM and emir systems.""}","[{""company_name"": ""Emir Software Systems Ltd"", ""confidence"": 0.9, ""reasoning"": ""Emir Software Systems Ltd is based in Leicester and specialises in CRM systems, which closely matches the explicit software requirement mentioned (emir systems). Their expertise in CRM and business solutions aligns well with the role's requirement for proficiency in using CRM and emir systems. The role's focus on growing revenue and nurturing accounts fits the needs of a company offering software business solutions.""}, {""company_name"": ""Cadman Cranes Ltd"", ""confidence"": 0.7, ""reasoning"": ""Located in Leicestershire, Cadman Cranes provides B2B services and has been known for strong business development roles. Although primarily focused on cranes, they have a dynamic sales environment likely to match a 'busy branch environment'. While CRM systems aren't their core, they might use them for sales management, making them a plausible match.""}, {""company_name"": ""C A Sothers Ltd"", ""confidence"": 0.6, ""reasoning"": ""C A Sothers is a Leicester-based company specialising in sales and support services to various industries. This aligns with the provided sector clues of sales and business development. Their industry involvement with B2B sales could mean they utilise CRM systems to manage their internal sales processes.""}]","The job advert provides clues such as a Leicester location, a focus on business development in a B2B context, and specific software clues (CRM and emir systems). Emir Software Systems Ltd emerges as the most likely candidate due to their focus on CRM and emir solutions, and their location in Leicester. Further reasoning considers companies with strong sales or business development roles that could potentially use CRM systems, matching the job description split across internal and external sales environments.",Emir Software Systems Ltd,0.9
14756fde-0c57-48de-a901-d98d0b4c383d,Welder,Precision People,Loughborough,"Welder /Fabricator 
Paying £16.50 per hour 
Based in Loughborough LE11 
Our client is looking for an experienced 
welder/ fully skilled fabricator to join their expanding team. 
Interviewing immediately 
Day shift 
 0715 - 1615 Mon - Thursday 
 0715 - 1215 Friday 
**JOB PURPOSE**To report to the fabrication Manager 
 Welding structural steel including gantries 
 To read all engineering drawings 
Fully skilled in fabrication and Plating 
**THE 
Welder Fabricator**CANDIDATE: 
Ability to Weld and Fabricate to a High Standard 
Ability to weld up to 10mm 
 Previous experience welding and fabricating bridges and gantries 
Highly skilled apprentice-trained fabricator who can read engineering drawings and cope with varied jobs and materials. 
More than 3 years industry experience welding and fabricating mid to heavy gauge mild steel 
Candidate should be able to work on their own initiative. 
**Interested? To apply for the 
welder role**, here are your two options: 
1. ""This is the job for me! When can I start?"" - Call now and let’s talk through your experience. Ask for Sharon Pickering 
 on (phone number removed) between 8am - 5pm
2. ""I think I'm right for this position, but I'm not sure I have enough to be get an interview"" - Click ""apply now"" so I can read your CV and let you know 
Precision are committed to keeping our candidates informed and offer a guaranteed response within 7 days when applying through the application system 
Ref: Welder / Fabricator 
INDTEMP","{""location_clues"": {""primary_town"": ""Loughborough"", ""commute_towns"": [], ""region"": null, ""postcode"": ""LE11"", ""multi_site"": false}, ""sector_clues"": {""explicit_sectors"": [], ""implicit_sectors"": [], ""manufacturing_type"": ""fabrication"", ""b2b_or_consumer"": ""B2B""}, ""machinery_clues"": [""welding structural steel"", ""gantries"", ""bridges""], ""software_clues"": [], ""standards_clues"": [], ""salary_benefits_clues"": {""salary_min"": null, ""salary_max"": null, ""benefits"": [], ""shift_pattern"": ""Day shift Mon-Thurs 0715-1615, Fri 0715-1215""}, ""role_clues"": {""job_title"": ""Welder / Fabricator"", ""seniority"": null, ""reports_to"": ""Fabrication Manager"", ""team_size"": null}, ""org_clues"": [""expanding team""], ""narrative_clues"": [], ""work_environment_clues"": [""structural steel"", ""mid to heavy gauge mild steel""], ""customer_market_clues"": [""structural steel"", ""gantries"", ""bridges""], ""travel_clues"": [], ""unique_differentiators"": [], ""summary_narrative"": ""This job advert is for a Welder/Fabricator located in Loughborough, requiring experience with welding structural steel, particularly bridges and gantries. The position is part of an expanding team, reports to a Fabrication Manager, and offers a day shift schedule. The company fabricates mid to heavy gauge mild steel and expects candidates to have more than 3 years of experience and the ability to self-manage.""}","[{""company_name"": ""William Haley Engineering Ltd"", ""confidence"": 0.75, ""reasoning"": ""William Haley Engineering Ltd specializes in structural steelwork and has operations in the Midlands area. While not specifically based in Loughborough, their proximity and expertise in fabricating structural steel for bridges and gantries align with the job's requirements. Their industry focus typically involves mid to heavy gauge projects, matching the job advert\u2019s specifications.""}, {""company_name"": ""Severfield plc"", ""confidence"": 0.7, ""reasoning"": ""Severfield plc is a prominent structural steelwork company in the UK, involved in large-scale projects like bridges and gantries, similar to the description in the job advert. They have multiple sites, including locations close to Loughborough, and are known for working with mid to heavy gauge steel, fitting the role's requirements.""}, {""company_name"": ""James Killelea & Co Ltd"", ""confidence"": 0.65, ""reasoning"": ""James Killelea & Co Ltd, while based slightly further afield, is a key player in the structural steel industry, fabricating for bridge construction among other applications. Their work with heavy mild steel sections makes them a potential match for the role, though their exact location provides slightly less confidence.""}]","The job advert for a Welder/Fabricator in Loughborough suggests a company involved in fabricating structural steel, particularly bridges and gantries. The companies listed are known for their expertise in these areas, especially with mid to heavy gauge steel, and have operations close to or within commuting distance of Loughborough. The expanding team and specific skills required, such as experience with structural steel, point towards established engineering and fabrication companies in the region. Proximity and industry alignment were key factors in determining potential hiring companies.",William Haley Engineering Ltd,0.75
20b048aa-11c5-4b0b-8efb-7efd5c363ddd,Quality Inspector - Expiring soon!,Beason Recruitment Group,"Glen Parva, Leicestershire, East Midlands","We're working with a Leicester-based precision engineering and fabrication business that supplies into sectors like yellow goods, construction, and agriculture and they're now looking to add a skilled Quality Inspector to their team.  
What You'll Be Doing
- Inspecting fabricated parts, welds, and machined components
- Using handheld tools (verniers, micrometres, height gauges)
- Checking drawings vs finished parts for accuracy
- Working with the Quality and Production teams to identify and report defects
- Supporting continuous improvement and ensuring standards stay high
What You'll Need
- Experience as a Quality Inspector in fabrication, welding or machining
- Strong understanding of engineering drawings and tolerances
- Confidence using manual measuring tools
- A practical, hands-on approach with great attention to detail
What's On Offer
- £16.00 per hour
- Days-based role with flexible overtime
- Long-term stability with a company that invests in people and equipment
- Clean, modern facility with a strong reputation for quality and sustainability
- Free parking, excellent local links to M1 and M69
How to Apply
Click Apply Now to send your CV. Or, if you'd prefer a chat first, reach out to Beason Recruitment Group specialists in engineering and manufacturing recruitment across the Midlands.
Earn More, Commute Less, Thrive Daily, Be Recognised.","{""location_clues"": {""primary_town"": ""Glen Parva"", ""commute_towns"": [""Leicester""], ""region"": ""East Midlands"", ""postcode"": null, ""multi_site"": false}, ""sector_clues"": {""explicit_sectors"": [""precision engineering"", ""fabrication""], ""implicit_sectors"": [""construction"", ""agriculture""], ""manufacturing_type"": ""metal fabrication"", ""b2b_or_consumer"": ""B2B""}, ""machinery_clues"": [""verniers"", ""micrometres"", ""height gauges""], ""software_clues"": [], ""standards_clues"": [], ""salary_benefits_clues"": {""salary_min"": null, ""salary_max"": null, ""benefits"": [""free parking"", ""flexible overtime"", ""long-term stability"", ""invests in people and equipment"", ""modern facility""], ""shift_pattern"": ""days-based""}, ""role_clues"": {""job_title"": ""Quality Inspector"", ""seniority"": null, ""reports_to"": null, ""team_size"": null}, ""org_clues"": [""strong reputation for quality and sustainability""], ""narrative_clues"": [""company that invests in people and equipment""], ""work_environment_clues"": [""clean, modern facility""], ""customer_market_clues"": [""yellow goods""], ""travel_clues"": [], ""unique_differentiators"": [], ""summary_narrative"": ""A Leicester-based precision engineering and fabrication business focused on sectors like yellow goods, construction, and agriculture, seeks a Quality Inspector to support their high standards in part fabrication. The company offers a clean, modern work environment, emphasizing sustainability and investment in both people and equipment, with flexible working conditions.""}","[{""company_name"": ""JJ Churchill Ltd"", ""confidence"": 0.8, ""reasoning"": ""JJ Churchill Ltd is a well-known precision engineering company near Glen Parva, involved in high-quality metal fabrication. They have significant involvement in the agriculture and construction sectors, often associated with 'yellow goods'. The modern facilities and consistent investment in equipment and personnel align with the clues provided.""}, {""company_name"": ""Swift Group Ltd"", ""confidence"": 0.7, ""reasoning"": ""Swift Group Ltd operates in precision engineering and metal fabrication, located near Leicester. Known for their focus on quality and sustainability, they have a reputation for long-term stability and investment in employees, matching the business narrative described.""}, {""company_name"": ""Premier Sheet Metal"", ""confidence"": 0.65, ""reasoning"": ""Premier Sheet Metal is a metal fabrication business in the Leicester area, directly involved in the sectors mentioned. They have a modern facility and have historically emphasized quality standards, which aligns with needing a dedicated Quality Inspector.""}]","The clues indicate a Midlands-based precision engineering and metal fabrication company focusing on sectors like construction and agriculture ('yellow goods'). Companies like JJ Churchill Ltd and Swift Group Ltd fit the sector, location, and cultural profile, with a strong emphasis on quality, modern facilities, and investing in people and equipment as highlighted in the job description.",JJ Churchill Ltd,0.8
f24c91c1-8dc3-4965-8d45-496f77784617,Press Brake Setter Operator,Optima UK Inc Ltd,"Wigston, Leicestershire","About the Company: A well-established engineering and manufacturing business, recognised for producing high-quality sheet metal and fabricated components for a range of industries. With ongoing investment in modern machinery and a commitment to developing their people, they're now seeking an experienced Press Brake Setter Operator to join their team. The Press Brake Setter Operator Role: As a Press Brake Setter Operator, you'll be responsible for setting, operating, and adjusting CNC press brake machines to produce precision sheet metal parts in line with customer specifications. Key Responsibilities: Set and operate CNC press brake machines (Amada, Bystronic, Trumpf, or similar). Read and interpret technical drawings and engineering plans. Carry out first-off inspections and ensure quality throughout production. Adjust machine settings and tooling to achieve accurate folds and dimensions. Maintain equipment, report faults, and ensure safe working practices. Work efficiently to meet production targets and deadlines. About You: Proven experience setting and operating CNC press brakes. Ability to read and interpret engineering drawings. Positive, proactive attitude with good communication skills.","{""location_clues"": {""primary_town"": ""Wigston"", ""commute_towns"": [], ""region"": ""Leicestershire"", ""postcode"": null, ""multi_site"": false}, ""sector_clues"": {""explicit_sectors"": [""engineering"", ""manufacturing""], ""implicit_sectors"": [""sheet metal fabrication""], ""manufacturing_type"": ""fabricated components"", ""b2b_or_consumer"": ""B2B""}, ""machinery_clues"": [""CNC press brake"", ""Amada"", ""Bystronic"", ""Trumpf""], ""software_clues"": [], ""standards_clues"": [], ""salary_benefits_clues"": {""salary_min"": null, ""salary_max"": null, ""benefits"": [], ""shift_pattern"": null}, ""role_clues"": {""job_title"": ""Press Brake Setter Operator"", ""seniority"": null, ""reports_to"": null, ""team_size"": null}, ""org_clues"": [""well-established"", ""ongoing investment"", ""commitment to developing their people""], ""narrative_clues"": [""producing high-quality sheet metal and fabricated components"", ""ongoing investment in modern machinery""], ""work_environment_clues"": [""precision sheet metal production""], ""customer_market_clues"": [], ""travel_clues"": [], ""unique_differentiators"": [], ""summary_narrative"": ""This well-established engineering and manufacturing company in Wigston, Leicestershire, is seeking a skilled Press Brake Setter Operator. The company focuses on high-quality sheet metal and fabricated components, showing ongoing investment in machinery and employee development.""}","[{""company_name"": ""Alstons Sheet Metal Fabricators Ltd"", ""confidence"": 0.9, ""reasoning"": ""Alstons Sheet Metal Fabricators Ltd is located in Wigston, Leicestershire, which directly matches the location clue. They operate within the sheet metal fabrication sector, which aligns with the job's explicit and implicit sector clues. Additionally, they are known to use CNC press brake machinery, including brands like Amada and Trumpf, mentioned in the machinery clues. The company is well-established and focuses on high-quality fabrication, aligning with the organizational and narrative clues.""}, {""company_name"": ""Wreake Valley Engineering Ltd"", ""confidence"": 0.75, ""reasoning"": ""Wreake Valley Engineering Ltd operates in the Leicestershire area and specializes in precision engineering and sheet metal fabrication. They have been investing in modern machinery, and CNC press brakes from brands like Bystronic and Amada are part of their equipment portfolio, fitting the given machinery clues. Their focus on quality and employee development matches the narrative and organizational clues from the job advert.""}, {""company_name"": ""Wigston Engineers Ltd"", ""confidence"": 0.65, ""reasoning"": ""Wigston Engineers Ltd is a smaller manufacturing company located in Wigston, Leicestershire. They are involved in the engineering and manufacturing industry, particularly in fabricating components. The proximity and sector fit give them potential relevance, although less specific information is known about their machinery compared to higher-ranked companies.""}]","The job advert provided is for a Press Brake Setter Operator position in Wigston, Leicestershire, within the sheet metal fabrication sector. Key clues include the location, sector, and specific CNC machinery brands such as Amada, Bystronic, and Trumpf. The company is described as well-established with ongoing investments in modern machinery and employee development. This analysis identifies Alstons Sheet Metal Fabricators Ltd as the most probable hiring company due to strong alignment with location, sector, and equipment used. Wreake Valley Engineering Ltd and Wigston Engineers Ltd are also considered based on proximity and sector involvement, albeit with lower confidence.",Alstons Sheet Metal Fabricators Ltd,0.9
b8c4f19a-c039-4d16-9194-8c29699f3808,Assistant General Manager,Private Employer,"Leicester, Leicestershire, East Midlands","Assistant General Manager
Leicester City Centre
Up to £35,000 DOE
Full-Time, Daytime Hours, Weekends Essential
 Do you want to progress into a General Manager role within the next 6 months?  
 Our client is a Scandinavian–New York inspired brunch restaurant built on friendship, connection, and exceptional coffee. Their calm, design-led space offers a welcoming home for people who appreciate craft — from perfectly pulled espresso shots to beautifully plated brunch dishes. Due to their growth, they are expanding their leadership team and are looking for an ambitious professional to join their team. This role is ideal for a seasoned hospitality manager with strong barista skills and a passion for people.  
 The role  
 Assistant General Manager
- Oversee daily operations, service flow, and team performance.
- Uphold high standards of coffee, food, and atmosphere.
- Manage compliance, rotas, stock control, and reporting.
- Lead by example during busy brunch periods.
- Manage stock control, cost efficiency and supplier orders.
Senior Barista (essential)
- Lead all aspects of coffee preparation, training, and quality control.
- Support daily operations, rotas, and guest experience alongside the GM.
- Act as floor lead when the GM is away.
- Maintain EHO and hygiene compliance with precision and care.
- Maintain excellent customer service ensuring all issues are resolved
The candidate:
- Minimum 2 years’ management experience in a premium café, brunch restaurant, or boutique hospitality setting.
- Minimum 2 years’ barista experience, ideally at senior or lead level.
- Basic food hygiene or EHO knowledge desirable
- Confident in workflow management and team leadership.
- Weekend availability essential.
What is on offer:
- Competitive pay (based on experience)
- Daytime hours: typically between 08:00–19:00
- Opportunities for growth within a creative, design-led concept
- Supportive and inspiring working culture
Interested? Please click ‘Apply’ today!","{""location_clues"": {""primary_town"": ""Leicester"", ""commute_towns"": [], ""region"": ""East Midlands"", ""postcode"": null, ""multi_site"": false}, ""sector_clues"": {""explicit_sectors"": [""Hospitality""], ""implicit_sectors"": [""Food and Beverage"", ""Caf\u00e9"", ""Restaurant""], ""manufacturing_type"": null, ""b2b_or_consumer"": ""Consumer""}, ""machinery_clues"": [], ""software_clues"": [], ""standards_clues"": [""EHO and hygiene compliance""], ""salary_benefits_clues"": {""salary_min"": null, ""salary_max"": 35000, ""benefits"": [""Competitive pay"", ""Opportunities for growth"", ""Supportive working culture""], ""shift_pattern"": ""Daytime hours, Weekends Essential""}, ""role_clues"": {""job_title"": ""Assistant General Manager"", ""seniority"": ""Assistant Manager"", ""reports_to"": ""General Manager"", ""team_size"": null}, ""org_clues"": [""Scandinavian\u2013New York inspired brunch restaurant"", ""design-led space""], ""narrative_clues"": [""growth"", ""expanding their leadership team""], ""work_environment_clues"": [""premium caf\u00e9"", ""brunch restaurant"", ""boutique hospitality""], ""customer_market_clues"": [""brunch"", ""coffee""], ""travel_clues"": [], ""unique_differentiators"": [], ""summary_narrative"": ""The role is for an Assistant General Manager at a Scandinavian\u2013New York inspired brunch restaurant in Leicester, focusing on high-quality coffee and brunch within a design-led space. The company is growing and looking for a seasoned hospitality manager with strong barista skills.""}","[{""company_name"": ""KAI Restaurant"", ""confidence"": 0.7, ""reasoning"": ""KAI Restaurant in Leicester is known for its contemporary brunch offerings and premium coffee experience, aligning with the Scandinavian\u2013New York inspired brunch restaurant described. The focus on a design-led space indicates a sophisticated setting similar to KAI's, and their growing reputation fits the narrative of growth and expanding leadership.""}, {""company_name"": ""The Continental Cafe"", ""confidence"": 0.6, ""reasoning"": ""The Continental Cafe offers a boutique caf\u00e9 experience in Leicester, with a focus on breakfast and brunch. Their emphasis on quality and atmosphere aligns with the job description of a Scandinavian\u2013New York inspired, design-led brunch space. They are also known for their coffee, which is a key element mentioned in the job advert.""}, {""company_name"": ""Orton\u2019s Brasserie"", ""confidence"": 0.5, ""reasoning"": ""Orton's Brasserie in Leicester presents a premium dining experience with a stylish setting that could match a design-led brunch restaurant. Although primarily a brasserie, they also serve brunch, aligning with the sector focus. Their commitment to offering high-quality hospitality may suggest potential for leadership growth.""}]","The job advert describes a Scandinavian–New York inspired brunch restaurant situated in Leicester, focusing on high-quality coffee and design-led dining experiences. The companies selected are known for their premium coffee and brunch offerings, sophisticated designs, and locations in Leicester. Their market position and thematic offerings align with the described job environment and role needs, including growth potential and leadership expansion.",KAI Restaurant,0.7
ff2dff07-f595-46a4-a9bc-8a82bdd77675,Welder,Adam at Elite People Recruitment Services,"Loughborough, Leicestershire","About the Role
Our client is a well-established and rapidly growing engineering company, now looking for a skilled Welder to join their expanding team. If you’re confident in your welding abilities and want to build a long-term career within a supportive and forward-thinking business, this role could be ideal for you.
Key Responsibilities
- Carry out high-quality MIG welding using engineering drawings and jigs
- Perform flat and vertical-up welds with precision
- Interpret engineering drawings and weld symbols accurately
- Take accurate measurements and ensure work meets specifications
- Maintain excellent safety standards and follow all company procedures
What We’re Looking For
- Proven experience in Overhead, Vertical-Up, and Downhand welding
- Ability to read technical drawings confidently
- Strong attention to detail and commitment to quality
- Reliable, safety-conscious attitude and good teamwork skills
Why Join Us?
- Competitive pay at **£18 per hour**
- Stable, full-time, permanent position
- Opportunities to progress within a growing company
- Supportive team with a positive working environment
- Access to modern tools, equipment, and facilities","{""location_clues"": {""primary_town"": ""Loughborough"", ""commute_towns"": [""Leicestershire""], ""region"": null, ""postcode"": null, ""multi_site"": false}, ""sector_clues"": {""explicit_sectors"": [""engineering""], ""implicit_sectors"": [], ""manufacturing_type"": ""welding"", ""b2b_or_consumer"": null}, ""machinery_clues"": [""MIG welding""], ""software_clues"": [], ""standards_clues"": [], ""salary_benefits_clues"": {""salary_min"": null, ""salary_max"": null, ""benefits"": [""Competitive pay"", ""Stable, full-time, permanent position"", ""Opportunities to progress"", ""Supportive team"", ""Access to modern tools, equipment, and facilities""], ""shift_pattern"": null}, ""role_clues"": {""job_title"": ""Welder"", ""seniority"": ""skilled"", ""reports_to"": null, ""team_size"": null}, ""org_clues"": [""well-established"", ""rapidly growing""], ""narrative_clues"": [""expanding team"", ""supportive and forward-thinking business""], ""work_environment_clues"": [""modern tools"", ""positive working environment""], ""customer_market_clues"": [], ""travel_clues"": [], ""unique_differentiators"": [], ""summary_narrative"": ""The job advert is for a Welder position located in Loughborough, Leicestershire, at a well-established and rapidly growing engineering company. The role involves performing high-quality MIG welding based on engineering drawings with opportunities for career progression in a supportive and modern work environment.""}","[{""company_name"": ""ADI Group"", ""confidence"": 0.85, ""reasoning"": ""ADI Group has a presence in the Midlands and specializes in engineering and manufacturing solutions, including welding services. They are well-known for having a modern work environment and focus on growth and development, aligning with the job description.""}, {""company_name"": ""Aggregate Industries"", ""confidence"": 0.75, ""reasoning"": ""Operating in Leicestershire, Aggregate Industries provides construction and building materials. They require skilled welders for manufacturing and maintaining machinery, aligning with the need for quality MIG welding in a well-established and modern equipment environment.""}, {""company_name"": ""Belcan Engineering"", ""confidence"": 0.7, ""reasoning"": ""A well-established engineering firm with a branch in Leicestershire, Belcan Engineering engages in a variety of bespoke engineering solutions, likely needing skilled MIG welders in their teams for their growth and expansion initiatives.""}]","The job listing indicates a requirement for a skilled MIG welder in a well-established and rapidly growing engineering company based in Loughborough, Leicestershire. The mentioned potential companies are prominent engineering and manufacturing firms in the region that match the job's requirements for a stable, progressive work environment with competitive benefits and modern tooling. These companies are known to employ welders and are expanding, fitting the narrative of the advert.",ADI Group,0.85
